<?xml version="1.0" encoding="UTF-8"?>
<!DOCTYPE hibernate-configuration PUBLIC
        "-//Hibernate/Hibernate Configuration DTD 3.0//EN"
        "http://www.hibernate.org/dtd/hibernate-configuration-3.0.dtd">
<hibernate-configuration>
    <session-factory>
        <!-- Configuración de MySQL -->
        <property name="hibernate.connection.driver_class">com.mysql.cj.jdbc.Driver</property>
        <property name="hibernate.connection.url">jdbc:mysql://dns11036.phdns11.es:3306/ad2526_laura_luzhen</property>
        <property name="hibernate.connection.username">ad2526_laura_luzhen</property>
        <property name="hibernate.connection.password">12345</property>

        <!-- Dialecto MySQL -->
        <property name="hibernate.dialect">org.hibernate.dialect.MySQLDialect</property>

        <!-- Pool de conexiones -->
        <property name="hibernate.connection.pool_size">10</property>

        <!-- Configuración adicional -->
        <property name="hibernate.show_sql">true</property>
        <property name="hibernate.format_sql">true</property>
		<property name="hibernate.hbm2ddl.auto">none</property>

        <!-- Mapeo de entidades -->
        <mapping class="modelos.Player"/>
        <mapping class="modelos.Games"/>
        <mapping class="modelos.Compras"/>
    </session-factory>
</hibernate-configuration>